{"cameraMode":{"drawMode":2,"name":"Shaded Wireframe","section":"Shading Mode"},"sceneLighting":false,"audioPlay":false,"sceneViewState":{"showFog":true,"showMaterialUpdate":false,"showSkybox":true,"showFlares":true,"showImageEffects":true,"showParticleSystems":true},"in2DMode":false,"pivot":{"x":16.141544342041017,"y":61.724090576171878,"z":70.49362182617188},"rotation":{"x":-0.04463940113782883,"y":-0.013561743311583996,"z":-0.0006037512212060392,"w":0.9989109635353088},"size":128.63568115234376,"orthographic":false}