{"cameraMode":{"drawMode":2,"name":"Shaded Wireframe","section":"Shading Mode"},"sceneLighting":false,"audioPlay":false,"sceneViewState":{"showFog":true,"showMaterialUpdate":false,"showSkybox":true,"showFlares":true,"showImageEffects":true,"showParticleSystems":true},"in2DMode":false,"pivot":{"x":22.762344360351564,"y":2.7822651863098146,"z":3.3093159198760988},"rotation":{"x":-0.042242277413606647,"y":-0.8392675518989563,"z":0.06588483601808548,"w":-0.5380565524101257},"size":13.705841064453125,"orthographic":false}