{"cameraMode":{"drawMode":0,"name":"Shaded","section":"Shading Mode"},"sceneLighting":false,"audioPlay":false,"sceneViewState":{"showFog":true,"showMaterialUpdate":false,"showSkybox":true,"showFlares":true,"showImageEffects":true,"showParticleSystems":true},"in2DMode":false,"pivot":{"x":16.151439666748048,"y":-2.486471176147461,"z":-2.5150012969970705},"rotation":{"x":0.3673589825630188,"y":-0.0529765747487545,"z":0.02096382901072502,"w":0.9283326268196106},"size":34.16532897949219,"orthographic":false}