{"cameraMode":{"drawMode":2,"name":"Shaded Wireframe","section":"Shading Mode"},"sceneLighting":false,"audioPlay":false,"sceneViewState":{"showFog":true,"showMaterialUpdate":false,"showSkybox":true,"showFlares":true,"showImageEffects":true,"showParticleSystems":true},"in2DMode":false,"pivot":{"x":49.014076232910159,"y":-3.6217117309570314,"z":20.299747467041017},"rotation":{"x":0.023864485323429109,"y":-0.7148571610450745,"z":-0.024428891018033029,"w":-0.6984361410140991},"size":11.042506217956543,"orthographic":false}