{"cameraMode":{"drawMode":2,"name":"Shaded Wireframe","section":"Shading Mode"},"sceneLighting":false,"audioPlay":false,"sceneViewState":{"showFog":true,"showMaterialUpdate":false,"showSkybox":true,"showFlares":true,"showImageEffects":true,"showParticleSystems":true},"in2DMode":false,"pivot":{"x":1783.2169189453125,"y":926.0433349609375,"z":-42.15500259399414},"rotation":{"x":0.009916174225509167,"y":-0.984991192817688,"z":0.1613275706768036,"w":0.060559894889593127},"size":9.048312187194825,"orthographic":false}