{"cameraMode":{"drawMode":0,"name":"Shaded","section":"Shading Mode"},"sceneLighting":false,"audioPlay":false,"sceneViewState":{"showFog":true,"showMaterialUpdate":false,"showSkybox":true,"showFlares":true,"showImageEffects":true,"showParticleSystems":true},"in2DMode":false,"pivot":{"x":839.654052734375,"y":-498.46160888671877,"z":780.777587890625},"rotation":{"x":-0.2722272276878357,"y":-0.5744631886482239,"z":0.21057073771953584,"w":-0.742660403251648},"size":1876.7794189453125,"orthographic":false}