{"cameraMode":{"drawMode":2,"name":"Shaded Wireframe","section":"Shading Mode"},"sceneLighting":false,"audioPlay":false,"sceneViewState":{"showFog":true,"showMaterialUpdate":false,"showSkybox":true,"showFlares":true,"showImageEffects":true,"showParticleSystems":true},"in2DMode":false,"pivot":{"x":1458.8643798828125,"y":592.9906005859375,"z":289.49249267578127},"rotation":{"x":0.1215442568063736,"y":0.00227562733925879,"z":-0.0002764207893051207,"w":0.9925833940505981},"size":1364.1666259765625,"orthographic":false}