{"cameraMode":{"drawMode":2,"name":"Shaded Wireframe","section":"Shading Mode"},"sceneLighting":false,"audioPlay":false,"sceneViewState":{"showFog":true,"showMaterialUpdate":false,"showSkybox":true,"showFlares":true,"showImageEffects":true,"showParticleSystems":true},"in2DMode":false,"pivot":{"x":108.41622924804688,"y":21.177902221679689,"z":67.30859375},"rotation":{"x":0.5325623154640198,"y":0.19397446513175965,"z":-0.12690061330795289,"w":0.8140316605567932},"size":40.3670539855957,"orthographic":false}