{"cameraMode":{"drawMode":2,"name":"Shaded Wireframe","section":"Shading Mode"},"sceneLighting":false,"audioPlay":false,"sceneViewState":{"showFog":true,"showMaterialUpdate":false,"showSkybox":true,"showFlares":true,"showImageEffects":true,"showParticleSystems":true},"in2DMode":false,"pivot":{"x":237.92306518554688,"y":942.7870483398438,"z":-513.4063720703125},"rotation":{"x":0.04073665291070938,"y":-0.06054579094052315,"z":0.0024741836823523046,"w":0.9973307251930237},"size":44.99413299560547,"orthographic":false}