{"cameraMode":{"drawMode":0,"name":"Shaded","section":"Shading Mode"},"sceneLighting":false,"audioPlay":false,"sceneViewState":{"showFog":true,"showMaterialUpdate":false,"showSkybox":true,"showFlares":true,"showImageEffects":true,"showParticleSystems":true},"in2DMode":false,"pivot":{"x":308.230224609375,"y":580.4240112304688,"z":-228.6076202392578},"rotation":{"x":-0.35084354877471926,"y":-0.14927321672439576,"z":0.05675547569990158,"w":-0.9227162003517151},"size":10.626309394836426,"orthographic":false}