{"cameraMode":{"drawMode":2,"name":"Shaded Wireframe","section":"Shading Mode"},"sceneLighting":false,"audioPlay":false,"sceneViewState":{"showFog":true,"showMaterialUpdate":false,"showSkybox":true,"showFlares":true,"showImageEffects":true,"showParticleSystems":true},"in2DMode":false,"pivot":{"x":-124.74348449707031,"y":-79.53857421875,"z":73.12538146972656},"rotation":{"x":-0.17165637016296388,"y":0.5720146894454956,"z":-0.12390736490488053,"w":-0.7924521565437317},"size":237.18258666992188,"orthographic":false}