{"cameraMode":{"drawMode":0,"name":"Shaded","section":"Shading Mode"},"sceneLighting":false,"audioPlay":false,"sceneViewState":{"showFog":true,"showMaterialUpdate":false,"showSkybox":true,"showFlares":true,"showImageEffects":true,"showParticleSystems":true},"in2DMode":false,"pivot":{"x":27.845699310302736,"y":15.80265998840332,"z":-2.1520931720733644},"rotation":{"x":-0.37910643219947817,"y":0.008433021605014801,"z":-0.0034576505422592165,"w":-0.9253082275390625},"size":110.12397766113281,"orthographic":false}