{"cameraMode":{"drawMode":2,"name":"Shaded Wireframe","section":"Shading Mode"},"sceneLighting":false,"audioPlay":false,"sceneViewState":{"showFog":true,"showMaterialUpdate":false,"showSkybox":true,"showFlares":true,"showImageEffects":true,"showParticleSystems":true},"in2DMode":false,"pivot":{"x":50.420738220214847,"y":-5.3550262451171879,"z":8.223165512084961},"rotation":{"x":0.6388279795646668,"y":-0.0938957929611206,"z":0.07897740602493286,"w":0.7595030665397644},"size":75.38691711425781,"orthographic":false}