{"cameraMode":{"drawMode":2,"name":"Shaded Wireframe","section":"Shading Mode"},"sceneLighting":false,"audioPlay":false,"sceneViewState":{"showFog":true,"showMaterialUpdate":false,"showSkybox":true,"showFlares":true,"showImageEffects":true,"showParticleSystems":true},"in2DMode":false,"pivot":{"x":33.68412780761719,"y":-20.33930778503418,"z":51.7255744934082},"rotation":{"x":0.10831152647733689,"y":-0.8370980620384216,"z":-0.17943446338176728,"w":-0.5053105354309082},"size":19.662458419799806,"orthographic":false}