{"cameraMode":{"drawMode":2,"name":"Shaded Wireframe","section":"Shading Mode"},"sceneLighting":false,"audioPlay":false,"sceneViewState":{"showFog":true,"showMaterialUpdate":false,"showSkybox":true,"showFlares":true,"showImageEffects":true,"showParticleSystems":true},"in2DMode":false,"pivot":{"x":59.38421630859375,"y":-10.252830505371094,"z":10.64753246307373},"rotation":{"x":-0.08323325961828232,"y":-0.9167004823684692,"z":0.2704063951969147,"w":-0.28215736150741579},"size":28.04148292541504,"orthographic":false}