{"cameraMode":{"drawMode":2,"name":"Shaded Wireframe","section":"Shading Mode"},"sceneLighting":false,"audioPlay":false,"sceneViewState":{"showFog":true,"showMaterialUpdate":false,"showSkybox":true,"showFlares":true,"showImageEffects":true,"showParticleSystems":true},"in2DMode":false,"pivot":{"x":108.41622924804688,"y":21.177902221679689,"z":67.30859375},"rotation":{"x":0.013831540942192078,"y":-0.03606404736638069,"z":0.000501554983202368,"w":0.9992536306381226},"size":7.546478748321533,"orthographic":false}