{"cameraMode":{"drawMode":2,"name":"Shaded Wireframe","section":"Shading Mode"},"sceneLighting":false,"audioPlay":false,"sceneViewState":{"showFog":true,"showMaterialUpdate":false,"showSkybox":true,"showFlares":true,"showImageEffects":true,"showParticleSystems":true},"in2DMode":false,"pivot":{"x":141.1280059814453,"y":30.98660659790039,"z":63.78714370727539},"rotation":{"x":0.45651039481163027,"y":0.07346321642398834,"z":-0.03785574436187744,"w":0.8858715891838074},"size":17.01776695251465,"orthographic":false}