{"cameraMode":{"drawMode":0,"name":"Shaded","section":"Shading Mode"},"sceneLighting":false,"audioPlay":false,"sceneViewState":{"showFog":true,"showMaterialUpdate":false,"showSkybox":true,"showFlares":true,"showImageEffects":true,"showParticleSystems":true},"in2DMode":false,"pivot":{"x":460.74371337890627,"y":899.0420532226563,"z":13.48175048828125},"rotation":{"x":0.17241927981376649,"y":0.10615235567092896,"z":-0.01869322545826435,"w":0.9791087508201599},"size":556.6033935546875,"orthographic":false}