{"cameraMode":{"drawMode":2,"name":"Shaded Wireframe","section":"Shading Mode"},"sceneLighting":false,"audioPlay":false,"sceneViewState":{"showFog":true,"showMaterialUpdate":false,"showSkybox":true,"showFlares":true,"showImageEffects":true,"showParticleSystems":true},"in2DMode":false,"pivot":{"x":99.90087127685547,"y":-205.16307067871095,"z":234.8476104736328},"rotation":{"x":0.3500235974788666,"y":0.19815847277641297,"z":-0.07601958513259888,"w":0.9123803377151489},"size":359.5530090332031,"orthographic":false}