{"cameraMode":{"drawMode":0,"name":"Shaded","section":"Shading Mode"},"sceneLighting":false,"audioPlay":false,"sceneViewState":{"showFog":true,"showMaterialUpdate":false,"showSkybox":true,"showFlares":true,"showImageEffects":true,"showParticleSystems":true},"in2DMode":false,"pivot":{"x":3.7957935333251955,"y":0.5393147468566895,"z":-2.7546300888061525},"rotation":{"x":-0.037129007279872897,"y":0.9626039862632752,"z":-0.20095881819725038,"w":-0.17785000801086427},"size":14.144164085388184,"orthographic":false}