{"cameraMode":{"drawMode":2,"name":"Shaded Wireframe","section":"Shading Mode"},"sceneLighting":false,"audioPlay":false,"sceneViewState":{"showFog":true,"showMaterialUpdate":false,"showSkybox":true,"showFlares":true,"showImageEffects":true,"showParticleSystems":true},"in2DMode":false,"pivot":{"x":103.07926940917969,"y":20.404232025146486,"z":65.97612762451172},"rotation":{"x":0.16199032962322236,"y":-0.6968254446983337,"z":0.16633793711662293,"w":0.6786201000213623},"size":10.967055320739746,"orthographic":false}