{"cameraMode":{"drawMode":2,"name":"Shaded Wireframe","section":"Shading Mode"},"sceneLighting":false,"audioPlay":false,"sceneViewState":{"showFog":true,"showMaterialUpdate":false,"showSkybox":true,"showFlares":true,"showImageEffects":true,"showParticleSystems":true},"in2DMode":false,"pivot":{"x":-23.585805892944337,"y":-0.5922813415527344,"z":-19.593826293945314},"rotation":{"x":0.407056987285614,"y":-0.5032198429107666,"z":0.29068523645401,"w":0.7046818137168884},"size":55.445316314697269,"orthographic":false}