{"cameraMode":{"drawMode":0,"name":"Shaded","section":"Shading Mode"},"sceneLighting":false,"audioPlay":false,"sceneViewState":{"showFog":true,"showMaterialUpdate":false,"showSkybox":true,"showFlares":true,"showImageEffects":true,"showParticleSystems":true},"in2DMode":false,"pivot":{"x":863.1090087890625,"y":80.47699737548828,"z":376.8186340332031},"rotation":{"x":-0.6402496099472046,"y":0.005847481079399586,"z":-0.004877081606537104,"w":-0.7681291699409485},"size":471.2178649902344,"orthographic":false}