{"cameraMode":{"drawMode":0,"name":"Shaded","section":"Shading Mode"},"sceneLighting":false,"audioPlay":false,"sceneViewState":{"showFog":true,"showMaterialUpdate":false,"showSkybox":true,"showFlares":true,"showImageEffects":true,"showParticleSystems":true},"in2DMode":false,"pivot":{"x":67.51464080810547,"y":-23.639942169189454,"z":49.59327697753906},"rotation":{"x":-0.4983571171760559,"y":0.28259146213531496,"z":-0.17592638731002809,"w":-0.8005199432373047},"size":98.0793228149414,"orthographic":false}